Workbook
Name Slicer_industry: #N/A

Sheet company_info
A1: company_id | B1: company_name | C1: industry | D1: region
A2: 1 | B2: Company_1 | C2: Retail | D2: Latin America
A3: 2 | B3: Company_2 | C3: Retail | D3: Asia
A4: 3 | B4: Company_3 | C4: Transportation | D4: Latin America
A5: 4 | B5: Company_4 | C5: Technology | D5: Africa
A6: 5 | B6: Company_5 | C6: Finance | D6: Middle East
A7: 6 | B7: Company_6 | C7: Transportation | D7: Oceania
A8: 7 | B8: Company_7 | C8: Healthcare | D8: Oceania
A9: 8 | B9: Company_8 | C9: Healthcare | D9: Europe
A10: 9 | B10: Company_9 | C10: Technology | D10: North America
A11: 10 | B11: Company_10 | C11: Technology | D11: Latin America
A12: 11 | B12: Company_11 | C12: Energy | D12: Europe
A13: 12 | B13: Company_12 | C13: Finance | D13: Asia
... A1001: 1000 | B1001: Company_1000 | C1001: Consumer Goods | D1001: Latin America

Sheet PivotTable
A1: Lab In-Class | T1: Lab Assignments
A3: Row Labels | B3: Sum of revenue | T3: Task 1 : Create a PivotTable to analyze the total carbon emissions by industry and region. Identify which industry–region combination has the highest total carbon emissions.
A4: Consumer Goods | B4: 2678226.1
A5: Energy | B5: 10453492
A6: Finance | B6: 7798538
A7: Healthcare | B7: 6194071.5
A8: Manufacturing | B8: 2977921.4 | T8: Sum of carbon_emissions | U8: Column Labels
A9: Retail | B9: 1881065.6 | T9: Row Labels | U9: Consumer Goods | V9: Energy | W9: Finance | X9: Healthcare | Y9: Manufacturing | Z9: Retail | AA9: Technology | AB9: Transportation | AC9: Utilities | AD9: Grand Total
A10: Technology | B10: 16482469 | T10: Africa | U10: 42847365 | V10: 1.1780521e+09 | W10: 13151770 | X10: 45709293 | Y10: 80940682 | Z10: 14984708 | AA10: 51999506 | AB10: 81298609 | AC10: 1.5136328e+08 | AD10: 1.6603473e+09
A11: Transportation | B11: 1449137.7 | T11: Asia | U11: 59109464 | V11: 1.2111835e+09 | W11: 17194593 | X11: 47356765 | Y11: 1.5466309e+08 | Z11: 16206975 | AA11: 56986861 | AB11: 1.9618781e+08 | AC11: 1.1351593e+08 | AD11: 1.872405e+09
A12: Utilities | B12: 1464435.4 | T12: Europe | U12: 56145702 | V12: 1.8055009e+09 | W12: 10806173 | X12: 95756867 | Y12: 61260046 | Z12: 22479401 | AA12: 77024875 | AB12: 69242905 | AC12: 1.9304964e+08 | AD12: 2.3912665e+09
A13: Grand Total | B13: 51379356 | T13: Latin America | U13: 57698652 | V13: 1.1241623e+09 | W13: 15111642 | X13: 61971463 | Y13: 84728820 | Z13: 24017203 | AA13: 1.1092493e+08 | AB13: 1.1758544e+08 | AC13: 1.1002278e+08 | AD13: 1.7062233e+09
T14: Middle East | U14: 48382200 | V14: 8.0439529e+08 | W14: 15327691 | X14: 52578431 | Y14: 1.5806595e+08 | Z14: 32925941 | AA14: 57693206 | AB14: 1.3465692e+08 | AC14: 1.3117792e+08 | AD14: 1.4352035e+09
T15: North America | U15: 67229439 | V15: 1.7673207e+09 | W15: 8439771 | X15: 53490062 | Y15: 1.5602664e+08 | Z15: 22340150 | AA15: 70538684 | AB15: 1.1451314e+08 | AC15: 1.0984507e+08 | AD15: 2.3697436e+09
T16: Oceania | U16: 1.0289732e+08 | V16: 1.8406077e+09 | W16: 9527074.2 | X16: 89460265 | Y16: 1.0688393e+08 | Z16: 18290500 | AA16: 45519511 | AB16: 1.2347048e+08 | AC16: 2.1423984e+08 | AD16: 2.5508966e+09
A17: Sum of revenue | B17: Column Labels | T17: Grand Total | U17: 4.3431014e+08 | V17: 9.7312225e+09 | W17: 89558714 | X17: 4.4632315e+08 | Y17: 8.0256914e+08 | Z17: 1.5124488e+08 | AA17: 4.7068757e+08 | AB17: 836955297 | AC17: 1.0232145e+09 | AD17: 1.3986086e+10
A18: Row Labels | B18: Africa | C18: Asia | D18: Europe | E18: Latin America | F18: Middle East | G18: North America | H18: Oceania | I18: Grand Total
A19: Consumer Goods | B19: 246636.8 | C19: 338709.4 | D19: 378146.5 | E19: 362525.8 | F19: 292105.6 | G19: 409262.5 | H19: 650839.5 | I19: 2678226.1
A20: Energy | B20: 1331500.5 | C20: 1334846.2 | D20: 2119352.8 | E20: 1237418.3 | F20: 858027 | G20: 1715777.3 | H20: 1856569.7 | I20: 10453492 | T20: Answer : Energy Industry in Oceania has most carbon emissions
A21: Finance | B21: 1125943.4 | C21: 1495207 | D21: 948469.6 | E21: 1298388.5 | F21: 1392568 | G21: 710769.9 | H21: 827191.6 | I21: 7798538
A22: Healthcare | B22: 587551.7 | C22: 649012.1 | D22: 1423773 | E22: 892830.8 | F22: 706949.7 | G22: 731240.6 | H22: 1202713.6 | I22: 6194071.5
A23: Manufacturing | B23: 300643.8 | C23: 591558 | D23: 216667.8 | E23: 304327.3 | F23: 612105.2 | G23: 543127.7 | H23: 409491.6 | I23: 2977921.4
A24: Retail | B24: 197206.6 | C24: 208750.9 | D24: 271109.5 | E24: 289924 | F24: 435022.8 | G24: 259543.8 | H24: 219508 | I24: 1881065.6
A25: Technology | B25: 1788148.3 | C25: 1884813 | D25: 2877799.5 | E25: 3791662.3 | F25: 2032004 | G25: 2491201.8 | H25: 1616840.1 | I25: 16482469
A26: Transportation | B26: 142370.9 | C26: 321790.3 | D26: 129527.4 | E26: 198424.2 | F26: 228439 | G26: 209874.6 | H26: 218711.3 | I26: 1449137.7
A27: Utilities | B27: 221250.7 | C27: 168624.8 | D27: 251237.8 | E27: 164120.9 | F27: 196736.5 | G27: 158115.2 | H27: 304349.5 | I27: 1464435.4
A28: Grand Total | B28: 5941252.7 | C28: 6993311.7 | D28: 8616083.9 | E28: 8539622.1 | F28: 6753957.8 | G28: 7228913.4 | H28: 7306214.9 | I28: 51379356 | T28: Task 2 : Create a PivotTable to analyze the average water usage by industry and year. Use a filter to analyze a specific region. Which industry has the highest average water usage in the selected region (Asia)?
A32: Row Labels | B32: Average of esg_environmental | T32: region | U32: (All)
A33: Consumer Goods | B33: 52.079389
A34: Energy | B34: 39.663468 | T34: Average of water_usage | U34: Column Labels
A35: Finance | B35: 90.252856 | T35: Row Labels | U35: Consumer Goods | V35: Energy | W35: Finance | X35: Healthcare | Y35: Manufacturing | Z35: Retail | AA35: Technology | AB35: Transportation | AC35: Utilities | AD35: Grand Total
A36: Healthcare | B36: 66.228926 | T36: 2015 | U36: 342177.99 | V36: 1888819.6 | W36: 28540.21 | X36: 230098.3 | Y36: 678932.38 | Z36: 50603.035 | AA36: 177753.43 | AB36: 86411.103 | AC36: 508612.87 | AD36: 440969.37
A37: Manufacturing | B37: 41.499301 | T37: 2016 | U37: 356717.7 | V37: 1907837.9 | W37: 29725.071 | X37: 247895.29 | Y37: 706440.98 | Z37: 53056.295 | AA37: 190655.61 | AB37: 89775.862 | AC37: 506833.2 | AD37: 451904.78
A38: Retail | B38: 57.697427 | T38: 2017 | U38: 373583.56 | V38: 2013259.6 | W38: 31212.725 | X38: 262605.49 | Y38: 720560.59 | Z38: 55730.908 | AA38: 206478.58 | AB38: 91820.418 | AC38: 512588.5 | AD38: 471488.52
A39: Technology | B39: 84.289761 | T39: 2018 | U39: 386657.69 | V39: 2103466.3 | W39: 32580.552 | X39: 279050.37 | Y39: 751732.68 | Z39: 57655.234 | AA39: 221555.45 | AB39: 96058.995 | AC39: 523373.16 | AD39: 491825.12
A40: Transportation | B40: 33.847242 | T40: 2019 | U40: 400619.3 | V40: 2211022.1 | W40: 33909.889 | X40: 301576.43 | Y40: 786870.01 | Z40: 60523.975 | AA40: 241397.64 | AB40: 99720.803 | AC40: 537732.28 | AD40: 516201.59
A41: Utilities | B41: 46.176211 | T41: 2020 | U41: 417529.9 | V41: 2305484 | W41: 36279.472 | X41: 327081.1 | Y41: 819920.19 | Z41: 63115.945 | AA41: 257320.79 | AB41: 104256.16 | AC41: 542819.24 | AD41: 538448.19
A42: Grand Total | B42: 56.416991 | T42: 2021 | U42: 432662.28 | V42: 2429714.8 | W42: 37934.615 | X42: 346225.11 | Y42: 856823.55 | Z42: 65565.659 | AA42: 282796.78 | AB42: 109971.82 | AC42: 553428.92 | AD42: 564925.48
T43: 2022 | U43: 452483.29 | V43: 2621853.9 | W43: 39047.626 | X43: 369516.33 | Y43: 888123.22 | Z43: 70173.509 | AA43: 305876.01 | AB43: 116918.07 | AC43: 562938.3 | AD43: 599092.98
T44: 2023 | U44: 476678.19 | V44: 2857950.6 | W44: 40388.465 | X44: 404808.97 | Y44: 937107.33 | Z44: 74185.267 | AA44: 334371.75 | AB44: 124596.46 | AC44: 569069.21 | AD44: 642237.82
T45: 2024 | U45: 507976.78 | V45: 3182018.8 | W45: 42343.942 | X45: 439779.07 | Y45: 972456.55 | Z45: 79223.382 | AA45: 361560.15 | AB45: 132755.86 | AC45: 576240.23 | AD45: 694294.92
A46: Average of esg_environmental | B46: Column Labels | T46: 2025 | U46: 532979.52 | V46: 3509746 | W46: 44314.933 | X46: 479984.59 | Y46: 1027119.6 | Z46: 83586.025 | AA46: 392997.4 | AB46: 139958.46 | AC46: 583084.03 | AD46: 749096.91
A47: Row Labels | B47: 2015 | C47: 2016 | D47: 2017 | E47: 2018 | F47: 2019 | G47: 2020 | H47: 2021 | I47: 2022 | J47: 2023 | K47: 2024 | L47: 2025 | M47: Grand Total | T47: Grand Total | U47: 425460.56 | V47: 2457379.4 | W47: 36025.227 | X47: 335329.19 | Y47: 831462.46 | Z47: 64856.294 | AA47: 270251.24 | AB47: 108385.82 | AC47: 543338.18 | AD47: 560044.15
A48: Consumer Goods | B48: 46.631034 | C48: 47.524138 | D48: 48.956897 | E48: 50.135345 | F48: 51.030172 | G48: 51.918966 | H48: 52.950862 | I48: 54.183621 | J48: 55.478448 | K48: 56.458621 | L48: 57.605172 | M48: 52.079389
A49: Energy | B49: 33.90463 | C49: 34.750926 | D49: 35.94537 | E49: 37.350926 | F49: 38.744444 | G49: 39.758333 | H49: 40.882407 | I49: 42.208333 | J49: 43.350926 | K49: 44.262037 | L49: 45.139815 | M49: 39.663468
A50: Finance | B50: 87.476991 | C50: 88.052212 | D50: 88.459292 | E50: 89.112389 | F50: 89.855752 | G50: 90.359292 | H50: 90.859292 | I50: 91.482301 | J50: 92.088496 | K50: 92.376106 | L50: 92.659292 | M50: 90.252856
A51: Healthcare | B51: 61.510744 | C51: 62.545455 | D51: 63.592562 | E51: 64.452066 | F51: 65.068595 | G51: 66.171901 | H51: 67.150413 | I51: 68.139669 | J51: 69.040496 | K51: 69.941322 | L51: 70.904959 | M51: 66.228926 | T51: Ans : Energy in 2025 is highest average water usage
A52: Manufacturing | B52: 36.623932 | C52: 37.5 | D52: 38.233333 | E52: 39.150427 | F52: 39.973504 | G52: 41.144444 | H52: 42.451282 | I52: 43.804274 | J52: 44.700855 | K52: 45.928205 | L52: 46.982051 | M52: 41.499301
A53: Retail | B53: 53.057547 | C53: 53.532075 | D53: 54.708491 | E53: 55.767925 | F53: 56.90283 | G53: 57.926415 | H53: 58.501887 | I53: 59.55566 | J53: 60.575472 | K53: 61.546226 | L53: 62.59717 | M53: 57.697427
A54: Technology | B54: 81.544211 | C54: 81.710526 | D54: 82.042105 | E54: 83.04 | F54: 83.84 | G54: 84.406316 | H54: 84.76 | I54: 85.609474 | J54: 86.267368 | K54: 86.691579 | L54: 87.275789 | M54: 84.289761 | T54: Task 3 : Create a PivotTable to analyze the total energy consumption by industry and year. Add a region filter and an industry slicer. Use the slicer to compare industries and identify the industry with the highest total energy consumption in the most recent year.
A55: Transportation | B55: 29.305128 | C55: 30.221368 | D55: 31.252137 | E55: 32.064957 | F55: 33.073504 | G55: 33.981197 | H55: 34.64188 | I55: 35.496581 | J55: 36.38547 | K55: 37.435897 | L55: 38.461538 | M55: 33.847242
A56: Utilities | B56: 41.337383 | C56: 42.428972 | D56: 43.235514 | E56: 44.199065 | F56: 44.957009 | G56: 45.985047 | H56: 47.042056 | I56: 48.119626 | J56: 49.148598 | K56: 50.107477 | L56: 51.37757 | M56: 46.176211
A57: Grand Total | B57: 51.9062 | C57: 52.684 | D57: 53.6008 | E57: 54.5797 | F57: 55.4843 | G57: 56.4028 | H57: 57.2567 | I57: 58.299 | J57: 59.2397 | K57: 60.1056 | L57: 61.0281 | M57: 56.416991
A58: region | B58: (All)
T59: region | U59: (All)
A60: Average of esg_environmental | B60: Column Labels
A61: Row Labels | B61: 2015 | C61: 2016 | D61: 2017 | E61: 2018 | F61: 2019 | G61: 2020 | H61: 2021 | I61: 2022 | J61: 2023 | K61: 2024 | L61: 2025 | M61: Grand Total | T61: Sum of energy_consumption | U61: Column Labels
A62: Consumer Goods | B62: 46.631034 | C62: 47.524138 | D62: 48.956897 | E62: 50.135345 | F62: 51.030172 | G62: 51.918966 | H62: 52.950862 | I62: 54.183621 | J62: 55.478448 | K62: 56.458621 | L62: 57.605172 | M62: 52.079389 | T62: Row Labels | U62: 2015 | V62: 2016 | W62: 2017 | X62: 2018 | Y62: 2019 | Z62: 2020 | AA62: 2021 | AB62: 2022 | AC62: 2023 | AD62: 2024 | AE62: 2025 | AF62: Grand Total
A63: Energy | B63: 33.90463 | C63: 34.750926 | D63: 35.94537 | E63: 37.350926 | F63: 38.744444 | G63: 39.758333 | H63: 40.882407 | I63: 42.208333 | J63: 43.350926 | K63: 44.262037 | L63: 45.139815 | M63: 39.663468 | T63: Consumer Goods | U63: 1.5877059e+08 | V63: 1.6551701e+08 | W63: 1.7334277e+08 | X63: 1.7940917e+08 | Y63: 1.8588735e+08 | Z63: 1.9373388e+08 | AA63: 2.007553e+08 | AB63: 2.0995225e+08 | AC63: 2.2117868e+08 | AD63: 2.3570123e+08 | AE63: 2.473025e+08 | AF63: 2171550724
A64: Finance | B64: 87.476991 | C64: 88.052212 | D64: 88.459292 | E64: 89.112389 | F64: 89.855752 | G64: 90.359292 | H64: 90.859292 | I64: 91.482301 | J64: 92.088496 | K64: 92.376106 | L64: 92.659292 | M64: 90.252856 | T64: Energy | U64: 6.7997506e+09 | V64: 6.8682165e+09 | W64: 7.2477346e+09 | X64: 7.5724786e+09 | Y64: 7.9596797e+09 | Z64: 8.2997425e+09 | AA64: 8.7469732e+09 | AB64: 9.438674e+09 | AC64: 1.0288622e+10 | AD64: 1.1455268e+10 | AE64: 1.2635086e+10 | AF64: 9.7312225e+10
A65: Healthcare | B65: 61.510744 | C65: 62.545455 | D65: 63.592562 | E65: 64.452066 | F65: 65.068595 | G65: 66.171901 | H65: 67.150413 | I65: 68.139669 | J65: 69.040496 | K65: 69.941322 | L65: 70.904959 | M65: 66.228926 | T65: Finance | U65: 16125219 | V65: 16794664 | W65: 17635189 | X65: 18408013 | Y65: 19159088 | Z65: 20497905 | AA65: 21433057 | AB65: 22061910 | AC65: 22819482 | AD65: 23924325 | AE65: 25037936 | AF65: 223896788
A66: Manufacturing | B66: 36.623932 | C66: 37.5 | D66: 38.233333 | E66: 39.150427 | F66: 39.973504 | G66: 41.144444 | H66: 42.451282 | I66: 43.804274 | J66: 44.700855 | K66: 45.928205 | L66: 46.982051 | M66: 41.499301 | T66: Healthcare | U66: 55683789 | V66: 59990660 | W66: 63550529 | X66: 67530189 | Y66: 72981497 | Z66: 79153626 | AA66: 83786476 | AB66: 89422953 | AC66: 97963770 | AD66: 1.0642653e+08 | AE66: 1.1615627e+08 | AF66: 8.9264629e+08
A67: Retail | B67: 53.057547 | C67: 53.532075 | D67: 54.708491 | E67: 55.767925 | F67: 56.90283 | G67: 57.926415 | H67: 58.501887 | I67: 59.55566 | J67: 60.575472 | K67: 61.546226 | L67: 62.59717 | M67: 57.697427 | T67: Manufacturing | U67: 9.9293861e+08 | V67: 1.0331699e+09 | W67: 1.0538199e+09 | X67: 1.099409e+09 | Y67: 1.1507974e+09 | Z67: 1.1991333e+09 | AA67: 1.2531044e+09 | AB67: 1.2988802e+09 | AC67: 1.3705195e+09 | AD67: 1.4222177e+09 | AE67: 1.5021624e+09 | AF67: 1.3376152e+10
A68: Technology | B68: 81.544211 | C68: 81.710526 | D68: 82.042105 | E68: 83.04 | F68: 83.84 | G68: 84.406316 | H68: 84.76 | I68: 85.609474 | J68: 86.267368 | K68: 86.691579 | L68: 87.275789 | M68: 84.289761 | T68: Retail | U68: 21455686 | V68: 22495869 | W68: 23629906 | X68: 24445818 | Y68: 25662166 | Z68: 26761161 | AA68: 27799840 | AB68: 29753568 | AC68: 31454556 | AD68: 33590713 | AE68: 35440475 | AF68: 3.0248976e+08
A69: Transportation | B69: 29.305128 | C69: 30.221368 | D69: 31.252137 | E69: 32.064957 | F69: 33.073504 | G69: 33.981197 | H69: 34.64188 | I69: 35.496581 | J69: 36.38547 | K69: 37.435897 | L69: 38.461538 | M69: 33.847242 | T69: Technology | U69: 56288589 | V69: 60374275 | W69: 65384883 | X69: 70159226 | Y69: 76442587 | Z69: 81484916 | AA69: 89552315 | AB69: 96860737 | AC69: 1.0588439e+08 | AD69: 1.1449405e+08 | AE69: 1.2444918e+08 | AF69: 9.4137514e+08
A70: Utilities | B70: 41.337383 | C70: 42.428972 | D70: 43.235514 | E70: 44.199065 | F70: 44.957009 | G70: 45.985047 | H70: 47.042056 | I70: 48.119626 | J70: 49.148598 | K70: 50.107477 | L70: 51.37757 | M70: 46.176211 | T70: Transportation | U70: 2.0220199e+08 | V70: 2.1007552e+08 | W70: 2.1485978e+08 | X70: 2.2477805e+08 | Y70: 2.3334668e+08 | Z70: 2.4395942e+08 | AA70: 2.5733404e+08 | AB70: 2.7358827e+08 | AC70: 2.9155572e+08 | AD70: 3.1064871e+08 | AE70: 3.275028e+08 | AF70: 2.789851e+09
A71: Grand Total | B71: 51.9062 | C71: 52.684 | D71: 53.6008 | E71: 54.5797 | F71: 55.4843 | G71: 56.4028 | H71: 57.2567 | I71: 58.299 | J71: 59.2397 | K71: 60.1056 | L71: 61.0281 | M71: 56.416991 | T71: Utilities | U71: 8.7074522e+08 | V71: 8.6769844e+08 | W71: 8.7755151e+08 | X71: 8.9601486e+08 | Y71: 9.2059765e+08 | Z71: 9.2930654e+08 | AA71: 9.4747032e+08 | AB71: 9.6375037e+08 | AC71: 9.7424648e+08 | AD71: 9.8652327e+08 | AE71: 9.9823986e+08 | AF71: 1.0232145e+10
T72: Grand Total | U72: 9.1739603e+09 | V72: 9.3043328e+09 | W72: 9.7375091e+09 | X72: 1.0152633e+10 | Y72: 1.0644554e+10 | Z72: 1.1073773e+10 | AA72: 1.1628209e+10 | AB72: 1.2422944e+10 | AC72: 1.3404245e+10 | AD72: 1.4688794e+10 | AE72: 1.6011377e+10 | AF72: 1.2824233e+11
A73: region | B73: (All)
T74: Ans : Energy is the highest at about 12.64 billion in 2025 , followed by Manufacturing at about 1.50 billion.
A75: Average of esg_environmental | B75: Column Labels
A76: Row Labels | B76: 2015 | C76: 2016 | D76: 2017 | E76: 2018 | F76: 2019 | G76: 2020 | H76: 2021 | I76: 2022 | J76: 2023 | K76: 2024 | L76: 2025 | M76: Grand Total
A77: Consumer Goods | B77: 46.631034 | C77: 47.524138 | D77: 48.956897 | E77: 50.135345 | F77: 51.030172 | G77: 51.918966 | H77: 52.950862 | I77: 54.183621 | J77: 55.478448 | K77: 56.458621 | L77: 57.605172 | M77: 52.079389
A78: Energy | B78: 33.90463 | C78: 34.750926 | D78: 35.94537 | E78: 37.350926 | F78: 38.744444 | G78: 39.758333 | H78: 40.882407 | I78: 42.208333 | J78: 43.350926 | K78: 44.262037 | L78: 45.139815 | M78: 39.663468
A79: Finance | B79: 87.476991 | C79: 88.052212 | D79: 88.459292 | E79: 89.112389 | F79: 89.855752 | G79: 90.359292 | H79: 90.859292 | I79: 91.482301 | J79: 92.088496 | K79: 92.376106 | L79: 92.659292 | M79: 90.252856
A80: Healthcare | B80: 61.510744 | C80: 62.545455 | D80: 63.592562 | E80: 64.452066 | F80: 65.068595 | G80: 66.171901 | H80: 67.150413 | I80: 68.139669 | J80: 69.040496 | K80: 69.941322 | L80: 70.904959 | M80: 66.228926
A81: Manufacturing | B81: 36.623932 | C81: 37.5 | D81: 38.233333 | E81: 39.150427 | F81: 39.973504 | G81: 41.144444 | H81: 42.451282 | I81: 43.804274 | J81: 44.700855 | K81: 45.928205 | L81: 46.982051 | M81: 41.499301
A82: Retail | B82: 53.057547 | C82: 53.532075 | D82: 54.708491 | E82: 55.767925 | F82: 56.90283 | G82: 57.926415 | H82: 58.501887 | I82: 59.55566 | J82: 60.575472 | K82: 61.546226 | L82: 62.59717 | M82: 57.697427
A83: Technology | B83: 81.544211 | C83: 81.710526 | D83: 82.042105 | E83: 83.04 | F83: 83.84 | G83: 84.406316 | H83: 84.76 | I83: 85.609474 | J83: 86.267368 | K83: 86.691579 | L83: 87.275789 | M83: 84.289761
A84: Transportation | B84: 29.305128 | C84: 30.221368 | D84: 31.252137 | E84: 32.064957 | F84: 33.073504 | G84: 33.981197 | H84: 34.64188 | I84: 35.496581 | J84: 36.38547 | K84: 37.435897 | L84: 38.461538 | M84: 33.847242
A85: Utilities | B85: 41.337383 | C85: 42.428972 | D85: 43.235514 | E85: 44.199065 | F85: 44.957009 | G85: 45.985047 | H85: 47.042056 | I85: 48.119626 | J85: 49.148598 | K85: 50.107477 | L85: 51.37757 | M85: 46.176211
A86: Grand Total | B86: 51.9062 | C86: 52.684 | D86: 53.6008 | E86: 54.5797 | F86: 55.4843 | G86: 56.4028 | H86: 57.2567 | I86: 58.299 | J86: 59.2397 | K86: 60.1056 | L86: 61.0281 | M86: 56.416991

Sheet company_perf
A1: performance_id | B1: company_id | C1: company_name | D1: industry | E1: region | F1: year | G1: revenue | H1: profit_margin | I1: market_cap | J1: growth_rate | K1: esg_overall | L1: esg_environmental | M1: esg_social | N1: esg_governance | O1: carbon_emissions | P1: water_usage | Q1: energy_consumption
A2: 1 | B2: 1 | C2: =_xlfn.XLOOKUP(company_perf[[#This Row],[company_id]],'company_info'!A:A,'company_info'!B:B) -> Company_1 | D2: =VLOOKUP(company_perf[[#This Row],[company_id]],company_info[],3,FALSE) -> Retail | E2: =VLOOKUP(company_perf[[#This Row],[company_id]],company_info[],4,FALSE) -> Latin America | F2: 2015 | G2: 459.2 | H2: 6 | I2: 337.5 | K2: 57 | L2: 60.7 | M2: 33.5 | N2: 76.8 | O2: 35577.4 | P2: 17788.7 | Q2: 71154.7
A3: 2 | B3: 1 | C3: =_xlfn.XLOOKUP(company_perf[[#This Row],[company_id]],'company_info'!A:A,'company_info'!B:B) -> Company_1 | D3: =VLOOKUP(company_perf[[#This Row],[company_id]],company_info[],3,FALSE) -> Retail | E3: =VLOOKUP(company_perf[[#This Row],[company_id]],company_info[],4,FALSE) -> Latin America | F3: 2016 | G3: 473.8 | H3: 4.6 | I3: 366.6 | J3: 3.2 | K3: 56.7 | L3: 58.9 | M3: 32.8 | N3: 78.5 | O3: 37314.7 | P3: 18657.4 | Q3: 74629.4
A4: 3 | B4: 1 | C4: =_xlfn.XLOOKUP(company_perf[[#This Row],[company_id]],'company_info'!A:A,'company_info'!B:B) -> Company_1 | D4: =VLOOKUP(company_perf[[#This Row],[company_id]],company_info[],3,FALSE) -> Retail | E4: =VLOOKUP(company_perf[[#This Row],[company_id]],company_info[],4,FALSE) -> Latin America | F4: 2017 | G4: 564.9 | H4: 5.2 | I4: 313.4 | J4: 19.2 | K4: 56.5 | L4: 57.6 | M4: 34 | N4: 77.8 | O4: 45006.4 | P4: 22503.2 | Q4: 90012.9
A5: 4 | B5: 1 | C5: =_xlfn.XLOOKUP(company_perf[[#This Row],[company_id]],'company_info'!A:A,'company_info'!B:B) -> Company_1 | D5: =VLOOKUP(company_perf[[#This Row],[company_id]],company_info[],3,FALSE) -> Retail | E5: =VLOOKUP(company_perf[[#This Row],[company_id]],company_info[],4,FALSE) -> Latin America | F5: 2018 | G5: 558.4 | H5: 4.3 | I5: 283 | J5: -1.1 | K5: 58 | L5: 62.3 | M5: 33.4 | N5: 78.3 | O5: 42650.1 | P5: 21325.1 | Q5: 85300.2
A6: 5 | B6: 1 | C6: =_xlfn.XLOOKUP(company_perf[[#This Row],[company_id]],'company_info'!A:A,'company_info'!B:B) -> Company_1 | D6: =VLOOKUP(company_perf[[#This Row],[company_id]],company_info[],3,FALSE) -> Retail | E6: =VLOOKUP(company_perf[[#This Row],[company_id]],company_info[],4,FALSE) -> Latin America | F6: 2019 | G6: 554.5 | H6: 4.9 | I6: 538.1 | J6: -0.7 | K6: 56.6 | L6: 63.7 | M6: 30 | N6: 76.1 | O6: 41799.4 | P6: 20899.7 | Q6: 83598.8
A7: 6 | B7: 1 | C7: =_xlfn.XLOOKUP(company_perf[[#This Row],[company_id]],'company_info'!A:A,'company_info'!B:B) -> Company_1 | D7: =VLOOKUP(company_perf[[#This Row],[company_id]],company_info[],3,FALSE) -> Retail | E7: =VLOOKUP(company_perf[[#This Row],[company_id]],company_info[],4,FALSE) -> Latin America | F7: 2020 | G7: 567.5 | H7: 6 | I7: 384.1 | J7: 2.3 | K7: 55.7 | L7: 65.1 | M7: 28.5 | N7: 73.5 | O7: 42245.4 | P7: 21122.7 | Q7: 84490.9
A8: 7 | B8: 1 | C8: =_xlfn.XLOOKUP(company_perf[[#This Row],[company_id]],'company_info'!A:A,'company_info'!B:B) -> Company_1 | D8: =VLOOKUP(company_perf[[#This Row],[company_id]],company_info[],3,FALSE) -> Retail | E8: =VLOOKUP(company_perf[[#This Row],[company_id]],company_info[],4,FALSE) -> Latin America | F8: 2021 | G8: 604.2 | H8: 5.2 | I8: 479.3 | J8: 6.5 | K8: 55.6 | L8: 66.8 | M8: 25.5 | N8: 74.6 | O8: 44263.8 | P8: 22131.9 | Q8: 88527.7
A9: 8 | B9: 1 | C9: =_xlfn.XLOOKUP(company_perf[[#This Row],[company_id]],'company_info'!A:A,'company_info'!B:B) -> Company_1 | D9: =VLOOKUP(company_perf[[#This Row],[company_id]],company_info[],3,FALSE) -> Retail | E9: =VLOOKUP(company_perf[[#This Row],[company_id]],company_info[],4,FALSE) -> Latin America | F9: 2022 | G9: 593.2 | H9: 4.2 | I9: 248.4 | J9: -1.8 | K9: 57.7 | L9: 69 | M9: 27.1 | N9: 76.9 | O9: 42536.3 | P9: 21268.2 | Q9: 85072.6
A10: 9 | B10: 1 | C10: =_xlfn.XLOOKUP(company_perf[[#This Row],[company_id]],'company_info'!A:A,'company_info'!B:B) -> Company_1 | D10: =VLOOKUP(company_perf[[#This Row],[company_id]],company_info[],3,FALSE) -> Retail | E10: =VLOOKUP(company_perf[[#This Row],[company_id]],company_info[],4,FALSE) -> Latin America | F10: 2023 | G10: 636.7 | H10: 5.3 | I10: 373.9 | J10: 7.3 | K10: 57.8 | L10: 68.3 | M10: 27 | N10: 78.1 | O10: 45956.3 | P10: 22978.2 | Q10: 91912.6
A11: 10 | B11: 1 | C11: =_xlfn.XLOOKUP(company_perf[[#This Row],[company_id]],'company_info'!A:A,'company_info'!B:B) -> Company_1 | D11: =VLOOKUP(company_perf[[#This Row],[company_id]],company_info[],3,FALSE) -> Retail | E11: =VLOOKUP(company_perf[[#This Row],[company_id]],company_info[],4,FALSE) -> Latin America | F11: 2024 | G11: 687 | H11: 4.6 | I11: 460.1 | J11: 7.9 | K11: 58.5 | L11: 68.9 | M11: 29.9 | N11: 76.8 | O11: 49289.1 | P11: 24644.5 | Q11: 98578.1
A12: 11 | B12: 1 | C12: =_xlfn.XLOOKUP(company_perf[[#This Row],[company_id]],'company_info'!A:A,'company_info'!B:B) -> Company_1 | D12: =VLOOKUP(company_perf[[#This Row],[company_id]],company_info[],3,FALSE) -> Retail | E12: =VLOOKUP(company_perf[[#This Row],[company_id]],company_info[],4,FALSE) -> Latin America | F12: 2025 | G12: 734.5 | H12: 5 | I12: 628.8 | J12: 6.9 | K12: 59.2 | L12: 70.7 | M12: 29.1 | N12: 78 | O12: 51805.8 | P12: 25902.9 | Q12: 103611.7
A13: 12 | B13: 2 | C13: =_xlfn.XLOOKUP(company_perf[[#This Row],[company_id]],'company_info'!A:A,'company_info'!B:B) -> Company_2 | D13: =VLOOKUP(company_perf[[#This Row],[company_id]],company_info[],3,FALSE) -> Retail | E13: =VLOOKUP(company_perf[[#This Row],[company_id]],company_info[],4,FALSE) -> Asia | F13: 2015 | G13: 2934.8 | H13: -2.9 | I13: 1803.1 | K13: 59.9 | L13: 61.1 | M13: 48.6 | N13: 69.8 | O13: 226554.2 | P13: 113277.1 | Q13: 453108.3
A14: 13 | B14: 2 | C14: =_xlfn.XLOOKUP(company_perf[[#This Row],[company_id]],'company_info'!A:A,'company_info'!B:B) -> Company_2 | D14: =VLOOKUP(company_perf[[#This Row],[company_id]],company_info[],3,FALSE) -> Retail | E14: =VLOOKUP(company_perf[[#This Row],[company_id]],company_info[],4,FALSE) -> Asia | F14: 2016 | G14: 3140.3 | H14: -1.1 | I14: 13885.2 | J14: 7 | K14: 60.6 | L14: 61.1 | M14: 50.1 | N14: 70.5 | O14: 242555.1 | P14: 121277.6 | Q14: 485110.3
A15: 14 | B15: 2 | C15: =_xlfn.XLOOKUP(company_perf[[#This Row],[company_id]],'company_info'!A:A,'company_info'!B:B) -> Company_2 | D15: =VLOOKUP(company_perf[[#This Row],[company_id]],company_info[],3,FALSE) -> Retail | E15: =VLOOKUP(company_perf[[#This Row],[company_id]],company_info[],4,FALSE) -> Asia | F15: 2017 | G15: 3463.1 | H15: -2.2 | I15: 5283.7 | J15: 10.3 | K15: 61.7 | L15: 61.4 | M15: 53.1 | N15: 70.5 | O15: 266651.3 | P15: 133325.7 | Q15: 533302.7
A16: 15 | B16: 2 | C16: =_xlfn.XLOOKUP(company_perf[[#This Row],[company_id]],'company_info'!A:A,'company_info'!B:B) -> Company_2 | D16: =VLOOKUP(company_perf[[#This Row],[company_id]],company_info[],3,FALSE) -> Retail | E16: =VLOOKUP(company_perf[[#This Row],[company_id]],company_info[],4,FALSE) -> Asia | F16: 2018 | G16: 2939.7 | H16: -1.7 | I16: 4408 | J16: -15.1 | K16: 61.5 | L16: 61.7 | M16: 52 | N16: 70.6 | O16: 225701.3 | P16: 112850.6 | Q16: 451402.6
A17: 16 | B17: 2 | C17: =_xlfn.XLOOKUP(company_perf[[#This Row],[company_id]],'company_info'!A:A,'company_info'!B:B) -> Company_2 | D17: =VLOOKUP(company_perf[[#This Row],[company_id]],company_info[],3,FALSE) -> Retail | E17: =VLOOKUP(company_perf[[#This Row],[company_id]],company_info[],4,FALSE) -> Asia | F17: 2019 | G17: 3125.6 | H17: 1.2 | I17: 566.4 | J17: 6.3 | K17: 61.1 | L17: 63.1 | M17: 52.5 | N17: 67.8 | O17: 237019.5 | P17: 118509.7 | Q17: 474039
A18: 17 | B18: 2 | C18: =_xlfn.XLOOKUP(company_perf[[#This Row],[company_id]],'company_info'!A:A,'company_info'!B:B) -> Company_2 | D18: =VLOOKUP(company_perf[[#This Row],[company_id]],company_info[],3,FALSE) -> Retail | E18: =VLOOKUP(company_perf[[#This Row],[company_id]],company_info[],4,FALSE) -> Asia | F18: 2020 | G18: 2999.8 | H18: -0.3 | I18: 1997.8 | J18: -4 | K18: 63.3 | L18: 64.2 | M18: 57.9 | N18: 67.9 | O18: 225128.2 | P18: 112564.1 | Q18: 450256.4
A19: 18 | B19: 2 | C19: =_xlfn.XLOOKUP(company_perf[[#This Row],[company_id]],'company_info'!A:A,'company_info'!B:B) -> Company_2 | D19: =VLOOKUP(company_perf[[#This Row],[company_id]],company_info[],3,FALSE) -> Retail | E19: =VLOOKUP(company_perf[[#This Row],[company_id]],company_info[],4,FALSE) -> Asia | F19: 2021 | G19: 3167.9 | H19: -0.4 | I19: 15634.9 | J19: 5.6 | K19: 63 | L19: 62.9 | M19: 60 | N19: 66.1 | O19: 240710.6 | P19: 120355.3 | Q19: 481421.2
A20: 19 | B20: 2 | C20: =_xlfn.XLOOKUP(company_perf[[#This Row],[company_id]],'company_info'!A:A,'company_info'!B:B) -> Company_2 | D20: =VLOOKUP(company_perf[[#This Row],[company_id]],company_info[],3,FALSE) -> Retail | E20: =VLOOKUP(company_perf[[#This Row],[company_id]],company_info[],4,FALSE) -> Asia | F20: 2022 | G20: 3106.4 | H20: 0.8 | I20: 514.3 | J20: -1.9 | K20: 64 | L20: 66.7 | M20: 57.7 | N20: 67.8 | O20: 227761.4 | P20: 113880.7 | Q20: 455522.7
A21: 20 | B21: 2 | C21: =_xlfn.XLOOKUP(company_perf[[#This Row],[company_id]],'company_info'!A:A,'company_info'!B:B) -> Company_2 | D21: =VLOOKUP(company_perf[[#This Row],[company_id]],company_info[],3,FALSE) -> Retail | E21: =VLOOKUP(company_perf[[#This Row],[company_id]],company_info[],4,FALSE) -> Asia | F21: 2023 | G21: 3691.6 | H21: -0.7 | I21: 2523.2 | J21: 18.8 | K21: 66 | L21: 66.6 | M21: 61.6 | N21: 70 | O21: 271015.1 | P21: 135507.6 | Q21: 542030.3
A22: 21 | B22: 2 | C22: =_xlfn.XLOOKUP(company_perf[[#This Row],[company_id]],'company_info'!A:A,'company_info'!B:B) -> Company_2 | D22: =VLOOKUP(company_perf[[#This Row],[company_id]],company_info[],3,FALSE) -> Retail | E22: =VLOOKUP(company_perf[[#This Row],[company_id]],company_info[],4,FALSE) -> Asia | F22: 2024 | G22: 3822.9 | H22: -1.2 | I22: 5807.8 | J22: 3.6 | K22: 65.7 | L22: 65.4 | M22: 63 | N22: 68.7 | O22: 283660 | P22: 141830 | Q22: 567320
A23: 22 | B23: 2 | C23: =_xlfn.XLOOKUP(company_perf[[#This Row],[company_id]],'company_info'!A:A,'company_info'!B:B) -> Company_2 | D23: =VLOOKUP(company_perf[[#This Row],[company_id]],company_info[],3,FALSE) -> Retail | E23: =VLOOKUP(company_perf[[#This Row],[company_id]],company_info[],4,FALSE) -> Asia | F23: 2025 | G23: 4371.5 | H23: -2.4 | I23: 20376.3 | J23: 14.4 | K23: 66.3 | L23: 65.8 | M23: 62.8 | N23: 70.3 | O23: 323282 | P23: 161641 | Q23: 646564.1
A24: 23 | B24: 3 | C24: =_xlfn.XLOOKUP(company_perf[[#This Row],[company_id]],'company_info'!A:A,'company_info'!B:B) -> Company_3 | D24: =VLOOKUP(company_perf[[#This Row],[company_id]],company_info[],3,FALSE) -> Transportation | E24: =VLOOKUP(company_perf[[#This Row],[company_id]],company_info[],4,FALSE) -> Latin America | F24: 2015 | G24: 259.7 | H24: 5.9 | I24: 140.2 | K24: 25.5 | L24: 3.3 | M24: 41.6 | N24: 31.5 | O24: 183314.5 | P24: 30552.4 | Q24: 611048.2
A25: 24 | B25: 3 | C25: =_xlfn.XLOOKUP(company_perf[[#This Row],[company_id]],'company_info'!A:A,'company_info'!B:B) -> Company_3 | D25: =VLOOKUP(company_perf[[#This Row],[company_id]],company_info[],3,FALSE) -> Transportation | E25: =VLOOKUP(company_perf[[#This Row],[company_id]],company_info[],4,FALSE) -> Latin America | F25: 2016 | G25: 245.2 | H25: 8.5 | I25: 224 | J25: -5.6 | K25: 26.9 | L25: 7 | M25: 40.2 | N25: 33.5 | O25: 169346.3 | P25: 28224.4 | Q25: 564487.8
A26: 25 | B26: 3 | C26: =_xlfn.XLOOKUP(company_perf[[#This Row],[company_id]],'company_info'!A:A,'company_info'!B:B) -> Company_3 | D26: =VLOOKUP(company_perf[[#This Row],[company_id]],company_info[],3,FALSE) -> Transportation | E26: =VLOOKUP(company_perf[[#This Row],[company_id]],company_info[],4,FALSE) -> Latin America | F26: 2017 | G26: 282.4 | H26: 6.5 | I26: 289.7 | J26: 15.2 | K26: 27.9 | L26: 8.8 | M26: 42.6 | N26: 32.3 | O26: 192824.3 | P26: 32137.4 | Q26: 642747.8
A27: 26 | B27: 3 | C27: =_xlfn.XLOOKUP(company_perf[[#This Row],[company_id]],'company_info'!A:A,'company_info'!B:B) -> Company_3 | D27: =VLOOKUP(company_perf[[#This Row],[company_id]],company_info[],3,FALSE) -> Transportation | E27: =VLOOKUP(company_perf[[#This Row],[company_id]],company_info[],4,FALSE) -> Latin America | F27: 2018 | G27: 300.2 | H27: 3.1 | I27: 100.7 | J27: 6.3 | K27: 28.2 | L27: 8.3 | M27: 42.9 | N27: 33.5 | O27: 205699.6 | P27: 34283.3 | Q27: 685665.5
A28: 27 | B28: 3 | C28: =_xlfn.XLOOKUP(company_perf[[#This Row],[company_id]],'company_info'!A:A,'company_info'!B:B) -> Company_3 | D28: =VLOOKUP(company_perf[[#This Row],[company_id]],company_info[],3,FALSE) -> Transportation | E28: =VLOOKUP(company_perf[[#This Row],[company_id]],company_info[],4,FALSE) -> Latin America | F28: 2019 | G28: 322.6 | H28: 5.1 | I28: 290.7 | J28: 7.5 | K28: 29.8 | L28: 14.8 | M28: 43.6 | N28: 31.2 | O28: 212286.3 | P28: 35381 | Q28: 707621
A29: 28 | B29: 3 | C29: =_xlfn.XLOOKUP(company_perf[[#This Row],[company_id]],'company_info'!A:A,'company_info'!B:B) -> Company_3 | D29: =VLOOKUP(company_perf[[#This Row],[company_id]],company_info[],3,FALSE) -> Transportation | E29: =VLOOKUP(company_perf[[#This Row],[company_id]],company_info[],4,FALSE) -> Latin America | F29: 2020 | G29: 337.9 | H29: 2.7 | I29: 76.5 | J29: 4.7 | K29: 30.8 | L29: 17.7 | M29: 42 | N29: 32.6 | O29: 218171.7 | P29: 36362 | Q29: 727239
A30: 29 | B30: 3 | C30: =_xlfn.XLOOKUP(company_perf[[#This Row],[company_id]],'company_info'!A:A,'company_info'!B:B) -> Company_3 | D30: =VLOOKUP(company_perf[[#This Row],[company_id]],company_info[],3,FALSE) -> Transportation | E30: =VLOOKUP(company_perf[[#This Row],[company_id]],company_info[],4,FALSE) -> Latin America | F30: 2021 | G30: 348.4 | H30: 4.5 | I30: 128.8 | J30: 3.1 | K30: 31.6 | L30: 18.5 | M30: 43.9 | N30: 32.2 | O30: 223833 | P30: 37305.5 | Q30: 746110
A31: 30 | B31: 3 | C31: =_xlfn.XLOOKUP(company_perf[[#This Row],[company_id]],'company_info'!A:A,'company_info'!B:B) -> Company_3 | D31: =VLOOKUP(company_perf[[#This Row],[company_id]],company_info[],3,FALSE) -> Transportation | E31: =VLOOKUP(company_perf[[#This Row],[company_id]],company_info[],4,FALSE) -> Latin America | F31: 2022 | G31: 389.6 | H31: 7.1 | I31: 327.9 | J31: 11.8 | K31: 31.3 | L31: 18.8 | M31: 44.9 | N31: 30.2 | O31: 249794.5 | P31: 41632.4 | Q31: 832648.3
A32: 31 | B32: 3 | C32: =_xlfn.XLOOKUP(company_perf[[#This Row],[company_id]],'company_info'!A:A,'company_info'!B:B) -> Company_3 | D32: =VLOOKUP(company_perf[[#This Row],[company_id]],company_info[],3,FALSE) -> Transportation | E32: =VLOOKUP(company_perf[[#This Row],[company_id]],company_info[],4,FALSE) -> Latin America | F32: 2023 | G32: 415.2 | H32: 8.1 | I32: 498.7 | J32: 6.6 | K32: 32.3 | L32: 20.2 | M32: 43.8 | N32: 32.9 | O32: 263632.1 | P32: 43938.7 | Q32: 878773.7
A33: 32 | B33: 3 | C33: =_xlfn.XLOOKUP(company_perf[[#This Row],[company_id]],'company_info'!A:A,'company_info'!B:B) -> Company_3 | D33: =VLOOKUP(company_perf[[#This Row],[company_id]],company_info[],3,FALSE) -> Transportation | E33: =VLOOKUP(company_perf[[#This Row],[company_id]],company_info[],4,FALSE) -> Latin America | F33: 2024 | G33: 438 | H33: 10.3 | I33: 739.4 | J33: 5.5 | K33: 32.1 | L33: 23.4 | M33: 41.5 | N33: 31.5 | O33: 272361.8 | P33: 45393.6 | Q33: 907872.8
A34: 33 | B34: 3 | C34: =_xlfn.XLOOKUP(company_perf[[#This Row],[company_id]],'company_info'!A:A,'company_info'!B:B) -> Company_3 | D34: =VLOOKUP(company_perf[[#This Row],[company_id]],company_info[],3,FALSE) -> Transportation | E34: =VLOOKUP(company_perf[[#This Row],[company_id]],company_info[],4,FALSE) -> Latin America | F34: 2025 | G34: 479.8 | H34: 11.6 | I34: 1020.7 | J34: 9.5 | K34: 34.3 | L34: 24.4 | M34: 43.7 | N34: 34.9 | O34: 296242 | P34: 49373.7 | Q34: 987473.3
A35: 34 | B35: 4 | C35: =_xlfn.XLOOKUP(company_perf[[#This Row],[company_id]],'company_info'!A:A,'company_info'!B:B) -> Company_4 | D35: =VLOOKUP(company_perf[[#This Row],[company_id]],company_info[],3,FALSE) -> Technology | E35: =VLOOKUP(company_perf[[#This Row],[company_id]],company_info[],4,FALSE) -> Africa | F35: 2015 | G35: 5036.7 | H35: 21.2 | I35: 23192.4 | K35: 54.2 | L35: 97.6 | M35: 46.2 | N35: 18.9 | O35: 130146.6 | P35: 78087.9 | Q35: 260293.2
A36: 35 | B36: 4 | C36: =_xlfn.XLOOKUP(company_perf[[#This Row],[company_id]],'company_info'!A:A,'company_info'!B:B) -> Company_4 | D36: =VLOOKUP(company_perf[[#This Row],[company_id]],company_info[],3,FALSE) -> Technology | E36: =VLOOKUP(company_perf[[#This Row],[company_id]],company_info[],4,FALSE) -> Africa | F36: 2016 | G36: 5192.5 | H36: 25.1 | I36: 25137.8 | J36: 3.1 | K36: 54.6 | L36: 98.9 | M36: 45.2 | N36: 19.9 | O36: 131888.8 | P36: 79133.3 | Q36: 263777.6
A37: 36 | B37: 4 | C37: =_xlfn.XLOOKUP(company_perf[[#This Row],[company_id]],'company_info'!A:A,'company_info'!B:B) -> Company_4 | D37: =VLOOKUP(company_perf[[#This Row],[company_id]],company_info[],3,FALSE) -> Technology | E37: =VLOOKUP(company_perf[[#This Row],[company_id]],company_info[],4,FALSE) -> Africa | F37: 2017 | G37: 5497.1 | H37: 23.4 | I37: 33251 | J37: 5.9 | K37: 55.9 | L37: 100 | M37: 47.4 | N37: 20.4 | O37: 137428.2 | P37: 82456.9 | Q37: 274856.3
A38: 37 | B38: 4 | C38: =_xlfn.XLOOKUP(company_perf[[#This Row],[company_id]],'company_info'!A:A,'company_info'!B:B) -> Company_4 | D38: =VLOOKUP(company_perf[[#This Row],[company_id]],company_info[],3,FALSE) -> Technology | E38: =VLOOKUP(company_perf[[#This Row],[company_id]],company_info[],4,FALSE) -> Africa | F38: 2018 | G38: 5978.5 | H38: 26.1 | I38: 31801 | J38: 8.8 | K38: 55.6 | L38: 99.7 | M38: 46.3 | N38: 20.7 | O38: 150000 | P38: 90000 | Q38: 300000
A39: 38 | B39: 4 | C39: =_xlfn.XLOOKUP(company_perf[[#This Row],[company_id]],'company_info'!A:A,'company_info'!B:B) -> Company_4 | D39: =VLOOKUP(company_perf[[#This Row],[company_id]],company_info[],3,FALSE) -> Technology | E39: =VLOOKUP(company_perf[[#This Row],[company_id]],company_info[],4,FALSE) -> Africa | F39: 2019 | G39: 6529.4 | H39: 28.2 | I39: 42706.4 | J39: 9.2 | K39: 56 | L39: 100 | M39: 46.1 | N39: 21.8 | O39: 163234.8 | P39: 97940.9 | Q39: 326469.6
A40: 39 | B40: 4 | C40: =_xlfn.XLOOKUP(company_perf[[#This Row],[company_id]],'company_info'!A:A,'company_info'!B:B) -> Company_4 | D40: =VLOOKUP(company_perf[[#This Row],[company_id]],company_info[],3,FALSE) -> Technology | E40: =VLOOKUP(company_perf[[#This Row],[company_id]],company_info[],4,FALSE) -> Africa | F40: 2020 | G40: 6123.5 | H40: 30.6 | I40: 38574.1 | J40: -6.2 | K40: 58.4 | L40: 100 | M40: 50.9 | N40: 24.4 | O40: 153087.8 | P40: 91852.7 | Q40: 306175.6
A41: 40 | B41: 4 | C41: =_xlfn.XLOOKUP(company_perf[[#This Row],[company_id]],'company_info'!A:A,'company_info'!B:B) -> Company_4 | D41: =VLOOKUP(company_perf[[#This Row],[company_id]],company_info[],3,FALSE) -> Technology | E41: =VLOOKUP(company_perf[[#This Row],[company_id]],company_info[],4,FALSE) -> Africa | F41: 2021 | G41: 5784.3 | H41: 29.4 | I41: 37578.6 | J41: -5.5 | K41: 60 | L41: 100 | M41: 55.1 | N41: 24.8 | O41: 144607.6 | P41: 86764.6 | Q41: 289215.2
A42: 41 | B42: 4 | C42: =_xlfn.XLOOKUP(company_perf[[#This Row],[company_id]],'company_info'!A:A,'company_info'!B:B) -> Company_4 | D42: =VLOOKUP(company_perf[[#This Row],[company_id]],company_info[],3,FALSE) -> Technology | E42: =VLOOKUP(company_perf[[#This Row],[company_id]],company_info[],4,FALSE) -> Africa | F42: 2022 | G42: 5711.3 | H42: 26.1 | I42: 35339.1 | J42: -1.3 | K42: 60.5 | L42: 100 | M42: 58.9 | N42: 22.5 | O42: 142781.6 | P42: 85669 | Q42: 285563.2
A43: 42 | B43: 4 | C43: =_xlfn.XLOOKUP(company_perf[[#This Row],[company_id]],'company_info'!A:A,'company_info'!B:B) -> Company_4 | D43: =VLOOKUP(company_perf[[#This Row],[company_id]],company_info[],3,FALSE) -> Technology | E43: =VLOOKUP(company_perf[[#This Row],[company_id]],company_info[],4,FALSE) -> Africa | F43: 2023 | G43: 5844.2 | H43: 26.5 | I43: 34781.6 | J43: 2.3 | K43: 62.6 | L43: 100 | M43: 64.1 | N43: 23.8 | O43: 146104.4 | P43: 87662.6 | Q43: 292208.7
A44: 43 | B44: 4 | C44: =_xlfn.XLOOKUP(company_perf[[#This Row],[company_id]],'company_info'!A:A,'company_info'!B:B) -> Company_4 | D44: =VLOOKUP(company_perf[[#This Row],[company_id]],company_info[],3,FALSE) -> Technology | E44: =VLOOKUP(company_perf[[#This Row],[company_id]],company_info[],4,FALSE) -> Africa | F44: 2024 | G44: 6555.1 | H44: 26 | I44: 45451.6 | J44: 12.2 | K44: 63.5 | L44: 100 | M44: 64.8 | N44: 25.6 | O44: 163877.9 | P44: 98326.7 | Q44: 327755.8
A45: 44 | B45: 4 | C45: =_xlfn.XLOOKUP(company_perf[[#This Row],[company_id]],'company_info'!A:A,'company_info'!B:B) -> Company_4 | D45: =VLOOKUP(company_perf[[#This Row],[company_id]],company_info[],3,FALSE) -> Technology | E45: =VLOOKUP(company_perf[[#This Row],[company_id]],company_info[],4,FALSE) -> Africa | F45: 2025 | G45: 7675.6 | H45: 22.9 | I45: 42400.4 | J45: 17.1 | K45: 64.1 | L45: 100 | M45: 65.4 | N45: 27 | O45: 191891.1 | P45: 115134.7 | Q45: 383782.3
A46: 45 | B46: 5 | C46: =_xlfn.XLOOKUP(company_perf[[#This Row],[company_id]],'company_info'!A:A,'company_info'!B:B) -> Company_5 | D46: =VLOOKUP(company_perf[[#This Row],[company_id]],company_info[],3,FALSE) -> Finance | E46: =VLOOKUP(company_perf[[#This Row],[company_id]],company_info[],4,FALSE) -> Middle East | F46: 2015 | G46: 2720.9 | H46: 16.1 | I46: 3884.5 | K46: 43.5 | L46: 71.9 | M46: 19.1 | N46: 39.4 | O46: 37894.7 | P46: 18947.3 | Q46: 94736.7
A47: 46 | B47: 5 | C47: =_xlfn.XLOOKUP(company_perf[[#This Row],[company_id]],'company_info'!A:A,'company_info'!B:B) -> Company_5 | D47: =VLOOKUP(company_perf[[#This Row],[company_id]],company_info[],3,FALSE) -> Finance | E47: =VLOOKUP(company_perf[[#This Row],[company_id]],company_info[],4,FALSE) -> Middle East | F47: 2016 | G47: 2647.4 | H47: 17.6 | I47: 9275.6 | J47: -2.7 | K47: 42.5 | L47: 74.2 | M47: 16 | N47: 37.4 | O47: 36048.3 | P47: 18024.2 | Q47: 90120.8
A48: 47 | B48: 5 | C48: =_xlfn.XLOOKUP(company_perf[[#This Row],[company_id]],'company_info'!A:A,'company_info'!B:B) -> Company_5 | D48: =VLOOKUP(company_perf[[#This Row],[company_id]],company_info[],3,FALSE) -> Finance | E48: =VLOOKUP(company_perf[[#This Row],[company_id]],company_info[],4,FALSE) -> Middle East | F48: 2017 | G48: 2553.4 | H48: 19.9 | I48: 9760.9 | J48: -3.6 | K48: 44.3 | L48: 74.7 | M48: 18.7 | N48: 39.6 | O48: 34565.5 | P48: 17282.7 | Q48: 86413.7
A49: 48 | B49: 5 | C49: =_xlfn.XLOOKUP(company_perf[[#This Row],[company_id]],'company_info'!A:A,'company_info'!B:B) -> Company_5 | D49: =VLOOKUP(company_perf[[#This Row],[company_id]],company_info[],3,FALSE) -> Finance | E49: =VLOOKUP(company_perf[[#This Row],[company_id]],company_info[],4,FALSE) -> Middle East | F49: 2018 | G49: 2758.9 | H49: 22.6 | I49: 7367.6 | J49: 8.1 | K49: 45.4 | L49: 75.8 | M49: 18.7 | N49: 41.8 | O49: 36945.9 | P49: 18472.9 | Q49: 92364.7
A50: 49 | B50: 5 | C50: =_xlfn.XLOOKUP(company_perf[[#This Row],[company_id]],'company_info'!A:A,'company_info'!B:B) -> Company_5 | D50: =VLOOKUP(company_perf[[#This Row],[company_id]],company_info[],3,FALSE) -> Finance | E50: =VLOOKUP(company_perf[[#This Row],[company_id]],company_info[],4,FALSE) -> Middle East | F50: 2019 | G50: 2746.9 | H50: 21.3 | I50: 11365.5 | J50: -0.4 | K50: 46 | L50: 77 | M50: 20.4 | N50: 40.7 | O50: 36325.1 | P50: 18162.6 | Q50: 90812.9
A51: 50 | B51: 5 | C51: =_xlfn.XLOOKUP(company_perf[[#This Row],[company_id]],'company_info'!A:A,'company_info'!B:B) -> Company_5 | D51: =VLOOKUP(company_perf[[#This Row],[company_id]],company_info[],3,FALSE) -> Finance | E51: =VLOOKUP(company_perf[[#This Row],[company_id]],company_info[],4,FALSE) -> Middle East | F51: 2020 | G51: 3243 | H51: 19.3 | I51: 10066.1 | J51: 18.1 | K51: 46.8 | L51: 75.5 | M51: 22.5 | N51: 42.5 | O51: 43534.1 | P51: 21767 | Q51: 108835.2
A52: 51 | B52: 5 | C52: =_xlfn.XLOOKUP(company_perf[[#This Row],[company_id]],'company_info'!A:A,'company_info'!B:B) -> Company_5 | D52: =VLOOKUP(company_perf[[#This Row],[company_id]],company_info[],3,FALSE) -> Finance | E52: =VLOOKUP(company_perf[[#This Row],[company_id]],company_info[],4,FALSE) -> Middle East | F52: 2021 | G52: 3120.1 | H52: 19.3 | I52: 8787.3 | J52: -3.8 | K52: 47.5 | L52: 78.5 | M52: 22.7 | N52: 41.3 | O52: 40596.3 | P52: 20298.2 | Q52: 101490.8
A53: 52 | B53: 5 | C53: =_xlfn.XLOOKUP(company_perf[[#This Row],[company_id]],'company_info'!A:A,'company_info'!B:B) -> Company_5 | D53: =VLOOKUP(company_perf[[#This Row],[company_id]],company_info[],3,FALSE) -> Finance | E53: =VLOOKUP(company_perf[[#This Row],[company_id]],company_info[],4,FALSE) -> Middle East | F53: 2022 | G53: 3094.2 | H53: 20.1 | I53: 9600.4 | J53: -0.8 | K53: 47.6 | L53: 78.4 | M53: 22.3 | N53: 42.3 | O53: 40314 | P53: 20157 | Q53: 100785.1
A54: 53 | B54: 5 | C54: =_xlfn.XLOOKUP(company_perf[[#This Row],[company_id]],'company_info'!A:A,'company_info'!B:B) -> Company_5 | D54: =VLOOKUP(company_perf[[#This Row],[company_id]],company_info[],3,FALSE) -> Finance | E54: =VLOOKUP(company_perf[[#This Row],[company_id]],company_info[],4,FALSE) -> Middle East | F54: 2023 | G54: 3281.7 | H54: 21.9 | I54: 6441.8 | J54: 6.1 | K54: 45.9 | L54: 76.5 | M54: 20 | N54: 41.3 | O54: 43628.2 | P54: 21814.1 | Q54: 109070.6
A55: 54 | B55: 5 | C55: =_xlfn.XLOOKUP(company_perf[[#This Row],[company_id]],'company_info'!A:A,'company_info'!B:B) -> Company_5 | D55: =VLOOKUP(company_perf[[#This Row],[company_id]],company_info[],3,FALSE) -> Finance | E55: =VLOOKUP(company_perf[[#This Row],[company_id]],company_info[],4,FALSE) -> Middle East | F55: 2024 | G55: 3282.1 | H55: 22.5 | I55: 9663 | J55: 0 | K55: 47.4 | L55: 80.4 | M55: 19.9 | N55: 41.8 | O55: 41818.8 | P55: 20909.4 | Q55: 104546.9
A56: 55 | B56: 5 | C56: =_xlfn.XLOOKUP(company_perf[[#This Row],[company_id]],'company_info'!A:A,'company_info'!B:B) -> Company_5 | D56: =VLOOKUP(company_perf[[#This Row],[company_id]],company_info[],3,FALSE) -> Finance | E56: =VLOOKUP(company_perf[[#This Row],[company_id]],company_info[],4,FALSE) -> Middle East | F56: 2025 | G56: 3162.1 | H56: 22.4 | I56: 6674.6 | J56: -3.7 | K56: 48 | L56: 82.1 | M56: 18.7 | N56: 43.3 | O56: 39561.3 | P56: 19780.6 | Q56: 98903.2
A57: 56 | B57: 6 | C57: =_xlfn.XLOOKUP(company_perf[[#This Row],[company_id]],'company_info'!A:A,'company_info'!B:B) -> Company_6 | D57: =VLOOKUP(company_perf[[#This Row],[company_id]],company_info[],3,FALSE) -> Transportation | E57: =VLOOKUP(company_perf[[#This Row],[company_id]],company_info[],4,FALSE) -> Oceania | F57: 2015 | G57: 2339.1 | H57: 0.8 | I57: 256.7 | K57: 69.1 | L57: 56.9 | M57: 76.8 | N57: 73.7 | O57: 1125550.2 | P57: 187591.7 | Q57: 3751834
A58: 57 | B58: 6 | C58: =_xlfn.XLOOKUP(company_perf[[#This Row],[company_id]],'company_info'!A:A,'company_info'!B:B) -> Company_6 | D58: =VLOOKUP(company_perf[[#This Row],[company_id]],company_info[],3,FALSE) -> Transportation | E58: =VLOOKUP(company_perf[[#This Row],[company_id]],company_info[],4,FALSE) -> Oceania | F58: 2016 | G58: 2574.5 | H58: -1 | I58: 11890.9 | J58: 10.1 | K58: 68.4 | L58: 56.1 | M58: 76.9 | N58: 72.2 | O58: 1246956.8 | P58: 207826.1 | Q58: 4156522.6
A59: 58 | B59: 6 | C59: =_xlfn.XLOOKUP(company_perf[[#This Row],[company_id]],'company_info'!A:A,'company_info'!B:B) -> Company_6 | D59: =VLOOKUP(company_perf[[#This Row],[company_id]],company_info[],3,FALSE) -> Transportation | E59: =VLOOKUP(company_perf[[#This Row],[company_id]],company_info[],4,FALSE) -> Oceania | F59: 2017 | G59: 2508.9 | H59: -4 | I59: 3844.3 | J59: -2.6 | K59: 68.7 | L59: 60.3 | M59: 75.8 | N59: 70 | O59: 1171117 | P59: 195186.2 | Q59: 3903723.3
A60: 59 | B60: 6 | C60: =_xlfn.XLOOKUP(company_perf[[#This Row],[company_id]],'company_info'!A:A,'company_info'!B:B) -> Company_6 | D60: =VLOOKUP(company_perf[[#This Row],[company_id]],company_info[],3,FALSE) -> Transportation | E60: =VLOOKUP(company_perf[[#This Row],[company_id]],company_info[],4,FALSE) -> Oceania | F60: 2018 | G60: 2472.4 | H60: -8.2 | I60: 1595.7 | J60: -1.5 | K60: 66.9 | L60: 60 | M60: 73.1 | N60: 67.5 | O60: 1157116.5 | P60: 192852.8 | Q60: 3857055.1
A61: 60 | B61: 6 | C61: =_xlfn.XLOOKUP(company_perf[[#This Row],[company_id]],'company_info'!A:A,'company_info'!B:B) -> Company_6 | D61: =VLOOKUP(company_perf[[#This Row],[company_id]],company_info[],3,FALSE) -> Transportation | E61: =VLOOKUP(company_perf[[#This Row],[company_id]],company_info[],4,FALSE) -> Oceania | F61: 2019 | G61: 2598.8 | H61: -8.5 | I61: 8095.7 | J61: 5.1 | K61: 68.7 | L61: 62.3 | M61: 73.8 | N61: 70.1 | O61: 1191171.2 | P61: 198528.5 | Q61: 3970570.6
A62: 61 | B62: 6 | C62: =_xlfn.XLOOKUP(company_perf[[#This Row],[company_id]],'company_info'!A:A,'company_info'!B:B) -> Company_6 | D62: =VLOOKUP(company_perf[[#This Row],[company_id]],company_info[],3,FALSE) -> Transportation | E62: =VLOOKUP(company_perf[[#This Row],[company_id]],company_info[],4,FALSE) -> Oceania | F62: 2020 | G62: 2563.3 | H62: -11.4 | I62: 10251.2 | J62: -1.4 | K62: 70.5 | L62: 64 | M62: 74.3 | N62: 73.3 | O62: 1156823.6 | P62: 192803.9 | Q62: 3856078.8
A63: 62 | B63: 6 | C63: =_xlfn.XLOOKUP(company_perf[[#This Row],[company_id]],'company_info'!A:A,'company_info'!B:B) -> Company_6 | D63: =VLOOKUP(company_perf[[#This Row],[company_id]],company_info[],3,FALSE) -> Transportation | E63: =VLOOKUP(company_perf[[#This Row],[company_id]],company_info[],4,FALSE) -> Oceania | F63: 2021 | G63: 2466.6 | H63: -8.5 | I63: 7550 | J63: -3.8 | K63: 70.8 | L63: 64.2 | M63: 75.3 | N63: 72.9 | O63: 1110593.7 | P63: 185099 | Q63: 3701979
A64: 63 | B64: 6 | C64: =_xlfn.XLOOKUP(company_perf[[#This Row],[company_id]],'company_info'!A:A,'company_info'!B:B) -> Company_6 | D64: =VLOOKUP(company_perf[[#This Row],[company_id]],company_info[],3,FALSE) -> Transportation | E64: =VLOOKUP(company_perf[[#This Row],[company_id]],company_info[],4,FALSE) -> Oceania | F64: 2022 | G64: 2747.5 | H64: -7.9 | I64: 12663.9 | J64: 11.4 | K64: 72.5 | L64: 68.4 | M64: 77 | N64: 72.1 | O64: 1188684.3 | P64: 198114 | Q64: 3962281
A65: 64 | B65: 6 | C65: =_xlfn.XLOOKUP(company_perf[[#This Row],[company_id]],'company_info'!A:A,'company_info'!B:B) -> Company_6 | D65: =VLOOKUP(company_perf[[#This Row],[company_id]],company_info[],3,FALSE) -> Transportation | E65: =VLOOKUP(company_perf[[#This Row],[company_id]],company_info[],4,FALSE) -> Oceania | F65: 2023 | G65: 3009.5 | H65: -9.8 | I65: 4910 | J65: 9.5 | K65: 71.7 | L65: 68.1 | M65: 75.7 | N65: 71.2 | O65: 1305812.3 | P65: 217635.4 | Q65: 4352707.7
A66: 65 | B66: 6 | C66: =_xlfn.XLOOKUP(company_perf[[#This Row],[company_id]],'company_info'!A:A,'company_info'!B:B) -> Company_6 | D66: =VLOOKUP(company_perf[[#This Row],[company_id]],company_info[],3,FALSE) -> Transportation | E66: =VLOOKUP(company_perf[[#This Row],[company_id]],company_info[],4,FALSE) -> Oceania | F66: 2024 | G66: 3095.6 | H66: -8.6 | I66: 2201.1 | J66: 2.9 | K66: 69.5 | L66: 62.2 | M66: 75.7 | N66: 70.7 | O66: 1420617.4 | P66: 236769.6 | Q66: 4735391.3
A67: 66 | B67: 6 | C67: =_xlfn.XLOOKUP(company_perf[[#This Row],[company_id]],'company_info'!A:A,'company_info'!B:B) -> Company_6 | D67: =VLOOKUP(company_perf[[#This Row],[company_id]],company_info[],3,FALSE) -> Transportation | E67: =VLOOKUP(company_perf[[#This Row],[company_id]],company_info[],4,FALSE) -> Oceania | F67: 2025 | G67: 3297 | H67: -10 | I67: 7887.8 | J67: 6.5 | K67: 73.1 | L67: 68.2 | M67: 77.4 | N67: 73.6 | O67: 1428863.2 | P67: 238143.9 | Q67: 4762877.2
A68: 67 | B68: 7 | C68: =_xlfn.XLOOKUP(company_perf[[#This Row],[company_id]],'company_info'!A:A,'company_info'!B:B) -> Company_7 | D68: =VLOOKUP(company_perf[[#This Row],[company_id]],company_info[],3,FALSE) -> Healthcare | E68: =VLOOKUP(company_perf[[#This Row],[company_id]],company_info[],4,FALSE) -> Oceania | F68: 2015 | G68: 4664.1 | H68: 6.2 | I68: 4597.8 | K68: 53 | L68: 74.6 | M68: 37.1 | N68: 47.5 | O68: 316163.3 | P68: 316163.3 | Q68: 632326.6
A69: 68 | B69: 7 | C69: =_xlfn.XLOOKUP(company_perf[[#This Row],[company_id]],'company_info'!A:A,'company_info'!B:B) -> Company_7 | D69: =VLOOKUP(company_perf[[#This Row],[company_id]],company_info[],3,FALSE) -> Healthcare | E69: =VLOOKUP(company_perf[[#This Row],[company_id]],company_info[],4,FALSE) -> Oceania | F69: 2016 | G69: 5080.6 | H69: 9 | I69: 6228.6 | J69: 8.9 | K69: 52.4 | L69: 72.7 | M69: 38.3 | N69: 46.1 | O69: 351094.3 | P69: 351094.3 | Q69: 702188.6
A70: 69 | B70: 7 | C70: =_xlfn.XLOOKUP(company_perf[[#This Row],[company_id]],'company_info'!A:A,'company_info'!B:B) -> Company_7 | D70: =VLOOKUP(company_perf[[#This Row],[company_id]],company_info[],3,FALSE) -> Healthcare | E70: =VLOOKUP(company_perf[[#This Row],[company_id]],company_info[],4,FALSE) -> Oceania | F70: 2017 | G70: 5192 | H70: 6.4 | I70: 7750.2 | J70: 2.2 | K70: 53.9 | L70: 77.8 | M70: 38.1 | N70: 45.7 | O70: 340222.4 | P70: 340222.4 | Q70: 680444.7
A71: 70 | B71: 7 | C71: =_xlfn.XLOOKUP(company_perf[[#This Row],[company_id]],'company_info'!A:A,'company_info'!B:B) -> Company_7 | D71: =VLOOKUP(company_perf[[#This Row],[company_id]],company_info[],3,FALSE) -> Healthcare | E71: =VLOOKUP(company_perf[[#This Row],[company_id]],company_info[],4,FALSE) -> Oceania | F71: 2018 | G71: 5320.5 | H71: 4.3 | I71: 2608 | J71: 2.5 | K71: 53.4 | L71: 77.7 | M71: 38.4 | N71: 44.2 | O71: 349079 | P71: 349079 | Q71: 698158.1
A72: 71 | B72: 7 | C72: =_xlfn.XLOOKUP(company_perf[[#This Row],[company_id]],'company_info'!A:A,'company_info'!B:B) -> Company_7 | D72: =VLOOKUP(company_perf[[#This Row],[company_id]],company_info[],3,FALSE) -> Healthcare | E72: =VLOOKUP(company_perf[[#This Row],[company_id]],company_info[],4,FALSE) -> Oceania | F72: 2019 | G72: 5421.6 | H72: 1.3 | I72: 1267 | J72: 1.9 | K72: 54.4 | L72: 78.5 | M72: 39 | N72: 45.7 | O72: 352693.8 | P72: 352693.8 | Q72: 705387.6
A73: 72 | B73: 7 | C73: =_xlfn.XLOOKUP(company_perf[[#This Row],[company_id]],'company_info'!A:A,'company_info'!B:B) -> Company_7 | D73: =VLOOKUP(company_perf[[#This Row],[company_id]],company_info[],3,FALSE) -> Healthcare | E73: =VLOOKUP(company_perf[[#This Row],[company_id]],company_info[],4,FALSE) -> Oceania | F73: 2020 | G73: 6225.1 | H73: 3.5 | I73: 4571.3 | J73: 14.8 | K73: 53.9 | L73: 78.3 | M73: 38.5 | N73: 45 | O73: 406012.5 | P73: 406012.5 | Q73: 812025.1
A74: 73 | B74: 7 | C74: =_xlfn.XLOOKUP(company_perf[[#This Row],[company_id]],'company_info'!A:A,'company_info'!B:B) -> Company_7 | D74: =VLOOKUP(company_perf[[#This Row],[company_id]],company_info[],3,FALSE) -> Healthcare | E74: =VLOOKUP(company_perf[[#This Row],[company_id]],company_info[],4,FALSE) -> Oceania | F74: 2021 | G74: 6470.9 | H74: -2.3 | I74: 21238.4 | J74: 3.9 | K74: 53.3 | L74: 78 | M74: 34.6 | N74: 47.2 | O74: 423188.3 | P74: 423188.3 | Q74: 846376.6
A75: 74 | B75: 7 | C75: =_xlfn.XLOOKUP(company_perf[[#This Row],[company_id]],'company_info'!A:A,'company_info'!B:B) -> Company_7 | D75: =VLOOKUP(company_perf[[#This Row],[company_id]],company_info[],3,FALSE) -> Healthcare | E75: =VLOOKUP(company_perf[[#This Row],[company_id]],company_info[],4,FALSE) -> Oceania | F75: 2022 | G75: 6387.4 | H75: -2.2 | I75: 18488.5 | J75: -1.3 | K75: 53.9 | L75: 80.9 | M75: 34.8 | N75: 45.8 | O75: 404596.4 | P75: 404596.4 | Q75: 809192.9
A76: 75 | B76: 7 | C76: =_xlfn.XLOOKUP(company_perf[[#This Row],[company_id]],'company_info'!A:A,'company_info'!B:B) -> Company_7 | D76: =VLOOKUP(company_perf[[#This Row],[company_id]],company_info[],3,FALSE) -> Healthcare | E76: =VLOOKUP(company_perf[[#This Row],[company_id]],company_info[],4,FALSE) -> Oceania | F76: 2023 | G76: 6014.8 | H76: -1.7 | I76: 10294.8 | J76: -5.8 | K76: 53.7 | L76: 81.6 | M76: 35.2 | N76: 44.2 | O76: 378353.9 | P76: 378353.9 | Q76: 756707.8
A77: 76 | B77: 7 | C77: =_xlfn.XLOOKUP(company_perf[[#This Row],[company_id]],'company_info'!A:A,'company_info'!B:B) -> Company_7 | D77: =VLOOKUP(company_perf[[#This Row],[company_id]],company_info[],3,FALSE) -> Healthcare | E77: =VLOOKUP(company_perf[[#This Row],[company_id]],company_info[],4,FALSE) -> Oceania | F77: 2024 | G77: 6084.6 | H77: -3.6 | I77: 27425.5 | J77: 1.2 | K77: 55.8 | L77: 81.9 | M77: 39.1 | N77: 46.5 | O77: 381475.3 | P77: 381475.3 | Q77: 762950.7
A78: 77 | B78: 7 | C78: =_xlfn.XLOOKUP(company_perf[[#This Row],[company_id]],'company_info'!A:A,'company_info'!B:B) -> Company_7 | D78: =VLOOKUP(company_perf[[#This Row],[company_id]],company_info[],3,FALSE) -> Healthcare | E78: =VLOOKUP(company_perf[[#This Row],[company_id]],company_info[],4,FALSE) -> Oceania | F78: 2025 | G78: 6444.2 | H78: 0.1 | I78: 38 | J78: 5.9 | K78: 58.4 | L78: 87.6 | M78: 41.6 | N78: 46.1 | O78: 378090.2 | P78: 378090.2 | Q78: 756180.5
A79: 78 | B79: 8 | C79: =_xlfn.XLOOKUP(company_perf[[#This Row],[company_id]],'company_info'!A:A,'company_info'!B:B) -> Company_8 | D79: =VLOOKUP(company_perf[[#This Row],[company_id]],company_info[],3,FALSE) -> Healthcare | E79: =VLOOKUP(company_perf[[#This Row],[company_id]],company_info[],4,FALSE) -> Europe | F79: 2015 | G79: 7090.7 | H79: 10.6 | I79: 14828.8 | K79: 74.4 | L79: 69.4 | M79: 87.8 | N79: 66.1 | O79: 506391 | P79: 506391 | Q79: 1012782
A80: 79 | B80: 8 | C80: =_xlfn.XLOOKUP(company_perf[[#This Row],[company_id]],'company_info'!A:A,'company_info'!B:B) -> Company_8 | D80: =VLOOKUP(company_perf[[#This Row],[company_id]],company_info[],3,FALSE) -> Healthcare | E80: =VLOOKUP(company_perf[[#This Row],[company_id]],company_info[],4,FALSE) -> Europe | F80: 2016 | G80: 7395.2 | H80: 10.4 | I80: 17692.4 | J80: 4.3 | K80: 75.5 | L80: 69.3 | M80: 89.8 | N80: 67.6 | O80: 528938.5 | P80: 528938.5 | Q80: 1057876.9
A81: 80 | B81: 8 | C81: =_xlfn.XLOOKUP(company_perf[[#This Row],[company_id]],'company_info'!A:A,'company_info'!B:B) -> Company_8 | D81: =VLOOKUP(company_perf[[#This Row],[company_id]],company_info[],3,FALSE) -> Healthcare | E81: =VLOOKUP(company_perf[[#This Row],[company_id]],company_info[],4,FALSE) -> Europe | F81: 2017 | G81: 7077.8 | H81: 10.7 | I81: 14011.4 | J81: -4.3 | K81: 76.8 | L81: 71.8 | M81: 92.2 | N81: 66.6 | O81: 493832.6 | P81: 493832.6 | Q81: 987665.3
A82: 81 | B82: 8 | C82: =_xlfn.XLOOKUP(company_perf[[#This Row],[company_id]],'company_info'!A:A,'company_info'!B:B) -> Company_8 | D82: =VLOOKUP(company_perf[[#This Row],[company_id]],company_info[],3,FALSE) -> Healthcare | E82: =VLOOKUP(company_perf[[#This Row],[company_id]],company_info[],4,FALSE) -> Europe | F82: 2018 | G82: 6957.5 | H82: 8.2 | I82: 9292.2 | J82: -1.7 | K82: 76.6 | L82: 69.5 | M82: 92.8 | N82: 67.6 | O82: 496422.5 | P82: 496422.5 | Q82: 992845
A83: 82 | B83: 8 | C83: =_xlfn.XLOOKUP(company_perf[[#This Row],[company_id]],'company_info'!A:A,'company_info'!B:B) -> Company_8 | D83: =VLOOKUP(company_perf[[#This Row],[company_id]],company_info[],3,FALSE) -> Healthcare | E83: =VLOOKUP(company_perf[[#This Row],[company_id]],company_info[],4,FALSE) -> Europe | F83: 2019 | G83: 6690.8 | H83: 9.7 | I83: 8033.5 | J83: -3.8 | K83: 77 | L83: 67.2 | M83: 98.8 | N83: 64.9 | O83: 488275.3 | P83: 488275.3 | Q83: 976550.7
A84: 83 | B84: 8 | C84: =_xlfn.XLOOKUP(company_perf[[#This Row],[company_id]],'company_info'!A:A,'company_info'!B:B) -> Company_8 | D84: =VLOOKUP(company_perf[[#This Row],[company_id]],company_info[],3,FALSE) -> Healthcare | E84: =VLOOKUP(company_perf[[#This Row],[company_id]],company_info[],4,FALSE) -> Europe | F84: 2020 | G84: 6751.9 | H84: 8.7 | I84: 7083.4 | J84: 0.9 | K84: 78.5 | L84: 70.2 | M84: 98.2 | N84: 67 | O84: 478492.5 | P84: 478492.5 | Q84: 956984.9
A85: 84 | B85: 8 | C85: =_xlfn.XLOOKUP(company_perf[[#This Row],[company_id]],'company_info'!A:A,'company_info'!B:B) -> Company_8 | D85: =VLOOKUP(company_perf[[#This Row],[company_id]],company_info[],3,FALSE) -> Healthcare | E85: =VLOOKUP(company_perf[[#This Row],[company_id]],company_info[],4,FALSE) -> Europe | F85: 2021 | G85: 6397.5 | H85: 10.1 | I85: 10983.2 | J85: -5.2 | K85: 78.2 | L85: 74.1 | M85: 95.1 | N85: 65.5 | O85: 435991 | P85: 435991 | Q85: 871982
A86: 85 | B86: 8 | C86: =_xlfn.XLOOKUP(company_perf[[#This Row],[company_id]],'company_info'!A:A,'company_info'!B:B) -> Company_8 | D86: =VLOOKUP(company_perf[[#This Row],[company_id]],company_info[],3,FALSE) -> Healthcare | E86: =VLOOKUP(company_perf[[#This Row],[company_id]],company_info[],4,FALSE) -> Europe | F86: 2022 | G86: 6583.8 | H86: 10.3 | I86: 8606.9 | J86: 2.9 | K86: 79.6 | L86: 75.2 | M86: 95.3 | N86: 68.3 | O86: 443275.8 | P86: 443275.8 | Q86: 886551.6
A87: 86 | B87: 8 | C87: =_xlfn.XLOOKUP(company_perf[[#This Row],[company_id]],'company_info'!A:A,'company_info'!B:B) -> Company_8 | D87: =VLOOKUP(company_perf[[#This Row],[company_id]],company_info[],3,FALSE) -> Healthcare | E87: =VLOOKUP(company_perf[[#This Row],[company_id]],company_info[],4,FALSE) -> Europe | F87: 2023 | G87: 6810.4 | H87: 11.1 | I87: 9866 | J87: 3.4 | K87: 79.6 | L87: 75.4 | M87: 95.2 | N87: 68.2 | O87: 457696.4 | P87: 457696.4 | Q87: 915392.8
A88: 87 | B88: 8 | C88: =_xlfn.XLOOKUP(company_perf[[#This Row],[company_id]],'company_info'!A:A,'company_info'!B:B) -> Company_8 | D88: =VLOOKUP(company_perf[[#This Row],[company_id]],company_info[],3,FALSE) -> Healthcare | E88: =VLOOKUP(company_perf[[#This Row],[company_id]],company_info[],4,FALSE) -> Europe | F88: 2024 | G88: 7168.5 | H88: 13.7 | I88: 17539 | J88: 5.3 | K88: 81.4 | L88: 78.2 | M88: 95 | N88: 71.1 | O88: 468000.4 | P88: 468000.4 | Q88: 936000.8
A89: 88 | B89: 8 | C89: =_xlfn.XLOOKUP(company_perf[[#This Row],[company_id]],'company_info'!A:A,'company_info'!B:B) -> Company_8 | D89: =VLOOKUP(company_perf[[#This Row],[company_id]],company_info[],3,FALSE) -> Healthcare | E89: =VLOOKUP(company_perf[[#This Row],[company_id]],company_info[],4,FALSE) -> Europe | F89: 2025 | G89: 7117.1 | H89: 8.6 | I89: 10386.3 | J89: -0.7 | K89: 81.6 | L89: 77.1 | M89: 97.6 | N89: 69.9 | O89: 469707.3 | P89: 469707.3 | Q89: 939414.6
A90: 89 | B90: 9 | C90: =_xlfn.XLOOKUP(company_perf[[#This Row],[company_id]],'company_info'!A:A,'company_info'!B:B) -> Company_9 | D90: =VLOOKUP(company_perf[[#This Row],[company_id]],company_info[],3,FALSE) -> Technology | E90: =VLOOKUP(company_perf[[#This Row],[company_id]],company_info[],4,FALSE) -> North America | F90: 2015 | G90: 1490.2 | H90: 11.9 | I90: 4559 | K90: 59.8 | L90: 37.8 | M90: 77.7 | N90: 63.7 | O90: 69681.3 | P90: 41808.8 | Q90: 139362.7
A91: 90 | B91: 9 | C91: =_xlfn.XLOOKUP(company_perf[[#This Row],[company_id]],'company_info'!A:A,'company_info'!B:B) -> Company_9 | D91: =VLOOKUP(company_perf[[#This Row],[company_id]],company_info[],3,FALSE) -> Technology | E91: =VLOOKUP(company_perf[[#This Row],[company_id]],company_info[],4,FALSE) -> North America | F91: 2016 | G91: 1761.8 | H91: 9.7 | I91: 4234.3 | J91: 18.2 | K91: 58.8 | L91: 38 | M91: 78.7 | N91: 59.7 | O91: 82263.8 | P91: 49358.3 | Q91: 164527.5
A92: 91 | B92: 9 | C92: =_xlfn.XLOOKUP(company_perf[[#This Row],[company_id]],'company_info'!A:A,'company_info'!B:B) -> Company_9 | D92: =VLOOKUP(company_perf[[#This Row],[company_id]],company_info[],3,FALSE) -> Technology | E92: =VLOOKUP(company_perf[[#This Row],[company_id]],company_info[],4,FALSE) -> North America | F92: 2017 | G92: 2085 | H92: 15.3 | I92: 7991.2 | J92: 18.3 | K92: 60.2 | L92: 37.2 | M92: 77.2 | N92: 66.2 | O92: 97986.2 | P92: 58791.7 | Q92: 195972.4
A93: 92 | B93: 9 | C93: =_xlfn.XLOOKUP(company_perf[[#This Row],[company_id]],'company_info'!A:A,'company_info'!B:B) -> Company_9 | D93: =VLOOKUP(company_perf[[#This Row],[company_id]],company_info[],3,FALSE) -> Technology | E93: =VLOOKUP(company_perf[[#This Row],[company_id]],company_info[],4,FALSE) -> North America | F93: 2018 | G93: 2575.4 | H93: 14.1 | I93: 5543 | J93: 23.5 | K93: 63.5 | L93: 40.8 | M93: 81.7 | N93: 68.1 | O93: 117733.8 | P93: 70640.3 | Q93: 235467.6
A94: 93 | B94: 9 | C94: =_xlfn.XLOOKUP(company_perf[[#This Row],[company_id]],'company_info'!A:A,'company_info'!B:B) -> Company_9 | D94: =VLOOKUP(company_perf[[#This Row],[company_id]],company_info[],3,FALSE) -> Technology | E94: =VLOOKUP(company_perf[[#This Row],[company_id]],company_info[],4,FALSE) -> North America | F94: 2019 | G94: 3208.8 | H94: 11.2 | I94: 8416.4 | J94: 24.6 | K94: 63.3 | L94: 40.5 | M94: 83.8 | N94: 65.6 | O94: 147097.1 | P94: 88258.2 | Q94: 294194.1
A95: 94 | B95: 9 | C95: =_xlfn.XLOOKUP(company_perf[[#This Row],[company_id]],'company_info'!A:A,'company_info'!B:B) -> Company_9 | D95: =VLOOKUP(company_perf[[#This Row],[company_id]],company_info[],3,FALSE) -> Technology | E95: =VLOOKUP(company_perf[[#This Row],[company_id]],company_info[],4,FALSE) -> North America | F95: 2020 | G95: 3584.9 | H95: 10.1 | I95: 10662.5 | J95: 11.7 | K95: 63.1 | L95: 39.7 | M95: 84.7 | N95: 64.9 | O95: 165277.3 | P95: 99166.4 | Q95: 330554.5
A96: 95 | B96: 9 | C96: =_xlfn.XLOOKUP(company_perf[[#This Row],[company_id]],'company_info'!A:A,'company_info'!B:B) -> Company_9 | D96: =VLOOKUP(company_perf[[#This Row],[company_id]],company_info[],3,FALSE) -> Technology | E96: =VLOOKUP(company_perf[[#This Row],[company_id]],company_info[],4,FALSE) -> North America | F96: 2021 | G96: 4399.8 | H96: 8.5 | I96: 7008.7 | J96: 22.7 | K96: 63.8 | L96: 39.7 | M96: 84.3 | N96: 67.3 | O96: 202835.4 | P96: 121701.3 | Q96: 405670.9
A97: 96 | B97: 9 | C97: =_xlfn.XLOOKUP(company_perf[[#This Row],[company_id]],'company_info'!A:A,'company_info'!B:B) -> Company_9 | D97: =VLOOKUP(company_perf[[#This Row],[company_id]],company_info[],3,FALSE) -> Technology | E97: =VLOOKUP(company_perf[[#This Row],[company_id]],company_info[],4,FALSE) -> North America | F97: 2022 | G97: 4673 | H97: 6.7 | I97: 8480.9 | J97: 6.2 | K97: 65.3 | L97: 43.5 | M97: 83.4 | N97: 69 | O97: 209222.4 | P97: 125533.4 | Q97: 418444.8
A98: 97 | B98: 9 | C98: =_xlfn.XLOOKUP(company_perf[[#This Row],[company_id]],'company_info'!A:A,'company_info'!B:B) -> Company_9 | D98: =VLOOKUP(company_perf[[#This Row],[company_id]],company_info[],3,FALSE) -> Technology | E98: =VLOOKUP(company_perf[[#This Row],[company_id]],company_info[],4,FALSE) -> North America | F98: 2023 | G98: 5102.1 | H98: 4.4 | I98: 5222 | J98: 9.2 | K98: 63.3 | L98: 45 | M98: 80.8 | N98: 64 | O98: 225770.9 | P98: 135462.6 | Q98: 451541.9
A99: 98 | B99: 9 | C99: =_xlfn.XLOOKUP(company_perf[[#This Row],[company_id]],'company_info'!A:A,'company_info'!B:B) -> Company_9 | D99: =VLOOKUP(company_perf[[#This Row],[company_id]],company_info[],3,FALSE) -> Technology | E99: =VLOOKUP(company_perf[[#This Row],[company_id]],company_info[],4,FALSE) -> North America | F99: 2024 | G99: 5853.9 | H99: 6.3 | I99: 5804.7 | J99: 14.7 | K99: 63.2 | L99: 45.6 | M99: 81.9 | N99: 62.1 | O99: 257772.5 | P99: 154663.5 | Q99: 515545
A100: 99 | B100: 9 | C100: =_xlfn.XLOOKUP(company_perf[[#This Row],[company_id]],'company_info'!A:A,'company_info'!B:B) -> Company_9 | D100: =VLOOKUP(company_perf[[#This Row],[company_id]],company_info[],3,FALSE) -> Technology | E100: =VLOOKUP(company_perf[[#This Row],[company_id]],company_info[],4,FALSE) -> North America | F100: 2025 | G100: 6764 | H100: 4.5 | I100: 5954.9 | J100: 15.5 | K100: 63.5 | L100: 48.4 | M100: 82.6 | N100: 59.6 | O100: 291193.2 | P100: 174715.9 | Q100: 582386.4
...
